0000	Audit.CounterexampleAudit
0001	Audit.CurvatureODEAudit
0002	Audit.EvolutionAudit
0003	Audit.GeometryAudit
0004	Audit.PromotedEvolutionAudit
0005	D6AuditReport
0006	Ledger.DefinitionSmoke
0007	Ledger.PerelmanDefinitions
0008	Poincare.Basic
0009	Poincare.D10.BochnerEuclidean.Axioms
0010	Poincare.D10.BochnerEuclidean.Basic
0011	Poincare.D10.BochnerEuclidean.Bochner
0012	Poincare.D10.BochnerEuclidean.Compat
0013	Poincare.D10.BochnerEuclidean.Corollary
0014	Poincare.D10.GaussianToolbox.Basic
0015	Poincare.D10.GaussianToolbox.Convolution
0016	Poincare.D10.GaussianToolbox.Multivariate
0017	Poincare.D10.GaussianToolbox.PrintAxioms
0018	Poincare.D10.HeatKernelEuclidean.AxiomAudit
0019	Poincare.D10.HeatKernelEuclidean.Basic
0020	Poincare.D10.HeatKernelEuclidean.GaussianIntegral
0021	Poincare.D10.HeatKernelEuclidean.HeatEquation
0022	Poincare.D10.HeatKernelEuclidean.Mass
0023	Poincare.D10.HeatKernelEuclidean.Semigroup
0024	Poincare.D10.JacobiConstantCurvature.AxiomAudit
0025	Poincare.D10.JacobiConstantCurvature.Basic
0026	Poincare.D10.JacobiConstantCurvature.Comparison
0027	Poincare.D10.JacobiConstantCurvature.ODE
0028	Poincare.D10.MaximumPrincipleRN.AxiomAudit
0029	Poincare.D10.MaximumPrincipleRN.Basic
0030	Poincare.D10.MaximumPrincipleRN.SecondDerivativeTest
0031	Poincare.D10.MaximumPrincipleRN.Semidiscrete
0032	Poincare.D10.MaximumPrincipleRN.WeakMaximumPrinciple
0033	Poincare.D10.TriangulationLowDim.Audit
0034	Poincare.D10.TriangulationLowDim.Complex
0035	Poincare.D10.TriangulationLowDim.Models
0036	Poincare.D10.TriangulationLowDim.Moise
0037	Poincare.D11.BochnerManifold.Axioms
0038	Poincare.D11.BochnerManifold.Basic
0039	Poincare.D11.BochnerManifold.Corollaries
0040	Poincare.D11.BochnerManifold.D7Bridge
0041	Poincare.D11.BochnerManifold.ModelSpace
0042	Poincare.D11.BochnerManifold.Probe
0043	Poincare.D11.BochnerManifold.RadialBochner
0044	Poincare.D11.ComparisonModels.AxiomAudit
0045	Poincare.D11.ComparisonModels.Basic
0046	Poincare.D11.ComparisonModels.BishopGromov
0047	Poincare.D11.ComparisonModels.LaplacianComparison
0048	Poincare.D11.ComparisonModels.ModelMetrics
0049	Poincare.D11.HeatKernelBridge.All
0050	Poincare.D11.HeatKernelBridge.AxiomAudit
0051	Poincare.D11.HeatKernelBridge.Basic
0052	Poincare.D11.HeatKernelBridge.EuclideanInstance
0053	Poincare.D11.HeatKernelBridge.EuclideanLaplacian
0054	Poincare.D11.HeatKernelBridge.InitialCondition
0055	Poincare.D11.HeatKernelBridge.ZeroDimension
0056	Poincare.D11.MaximumPrincipleTensor.AxiomAudit
0057	Poincare.D11.MaximumPrincipleTensor.Basic
0058	Poincare.D11.MaximumPrincipleTensor.Euler
0059	Poincare.D11.MaximumPrincipleTensor.Flow
0060	Poincare.D11.MaximumPrincipleTensor.ScalarODE
0061	Poincare.D11.ReducedVolume.All
0062	Poincare.D11.ReducedVolume.Audit
0063	Poincare.D11.ReducedVolume.Basic
0064	Poincare.D11.ReducedVolume.Probe
0065	Poincare.D11.ReducedVolume.Statements
0066	Poincare.D11.ReducedVolume.StraightRays
0067	Poincare.D11.ReducedVolume.Volume
0068	Poincare.D11.SpectralTorus.AxiomsCheck
0069	Poincare.D11.SpectralTorus.Basic
0070	Poincare.D11.SpectralTorus.Laplacian
0071	Poincare.D11.SpectralTorus.Parseval
0072	Poincare.D11.SpectralTorus.Poincare
0073	Poincare.D11.SpectralTorus.Sobolev
0074	Poincare.D12.ComparisonGeodesics.AxiomAudit
0075	Poincare.D12.ComparisonGeodesics.Definitions
0076	Poincare.D12.ComparisonGeodesics.ModelEuclidean
0077	Poincare.D12.ComparisonGeodesics.RiccatiComparison
0078	Poincare.D12.ComparisonGeodesics.SingularRiccati
0079	Poincare.D12.ComparisonGeodesics.SturmComparison
0080	Poincare.D12.ComparisonGeodesics.VolumeRatio
0081	Poincare.D12.ConnectionCurvature
0082	Poincare.D12.ConnectionCurvature.ChartLeviCivita
0083	Poincare.D12.ConnectionCurvature.ChartLeviCivitaForm
0084	Poincare.D12.ConnectionCurvature.ChartLeviCivitaSmooth
0085	Poincare.D12.ConnectionCurvature.ChartModel1D
0086	Poincare.D12.ConnectionCurvature.ConformalChartModel
0087	Poincare.D12.ConnectionCurvature.MilnorLeviCivita
0088	Poincare.D12.ConnectionCurvature.RicciSymmetry
0089	Poincare.D12.ConnectionCurvature.SoThreeModel
0090	Poincare.D12.EntropyVariation.All
0091	Poincare.D12.EntropyVariation.AxiomAudit
0092	Poincare.D12.EntropyVariation.EntropyDerivative
0093	Poincare.D12.EntropyVariation.FFlowModel
0094	Poincare.D12.EntropyVariation.GaussianShrinker
0095	Poincare.D12.EntropyVariation.SignDistinction
0096	Poincare.D12.EntropyVariation.WeightedIntegral
0097	Poincare.D12.GeometricCompactness.AxiomAudit
0098	Poincare.D12.GeometricCompactness.Basic
0099	Poincare.D12.GeometricCompactness.Criterion
0100	Poincare.D12.GeometricCompactness.Frontier
0101	Poincare.D12.GeometricCompactness.GridFamily
0102	Poincare.D12.HeatDomain.All
0103	Poincare.D12.HeatDomain.AxiomAudit
0104	Poincare.D12.HeatDomain.CompactCompatibility
0105	Poincare.D12.HeatDomain.Counterexample
0106	Poincare.D12.HeatDomain.FlatInstance
0107	Poincare.D12.HeatDomain.TestFunction
0108	Poincare.D12.HeatSemigroup.All
0109	Poincare.D12.HeatSemigroup.AxiomAudit
0110	Poincare.D12.HeatSemigroup.Basic
0111	Poincare.D12.HeatSemigroup.Example
0112	Poincare.D12.HeatSemigroup.L1Contraction
0113	Poincare.D12.HeatSemigroup.LinfContraction
0114	Poincare.D12.HeatSemigroup.ManifoldObligations
0115	Poincare.D12.HeatSemigroup.Semigroup
0116	Poincare.D12.HeatSemigroup.Smoothing
0117	Poincare.D12.HeatSemigroup.StrongContinuity
0118	Poincare.D12.HeatSemigroup.StrongContinuityL1
0119	Poincare.D12.KappaVariational.All
0120	Poincare.D12.KappaVariational.Audit
0121	Poincare.D12.KappaVariational.CurvatureEnergy
0122	Poincare.D12.KappaVariational.GaussianNormalization
0123	Poincare.D12.KappaVariational.Statements
0124	Poincare.D12.KappaVariational.Transfer
0125	Poincare.D12.ParabolicLocal.AxiomAudit
0126	Poincare.D12.ParabolicLocal.BUC
0127	Poincare.D12.ParabolicLocal.DerivativeLoss
0128	Poincare.D12.ParabolicLocal.Duhamel
0129	Poincare.D12.ParabolicLocal.Examples
0130	Poincare.D12.ParabolicLocal.GaussianConv
0131	Poincare.D12.ParabolicLocal.GaussianSemigroup
0132	Poincare.D12.ParabolicLocal.GaussianSetup
0133	Poincare.D12.ParabolicLocal.MildExistence
0134	Poincare.D12.ParabolicLocal.Obligations
0135	Poincare.D12.ParabolicLocal.ParametricIntegral
0136	Poincare.D12.SemanticLedger.AxiomAudit
0137	Poincare.D12.SemanticLedger.Defect
0138	Poincare.D12.SemanticLedger.LedgerProbe
0139	Poincare.D12.SpectralSobolev.All
0140	Poincare.D12.SpectralSobolev.AxiomAudit
0141	Poincare.D12.SpectralSobolev.Basic
0142	Poincare.D12.SpectralSobolev.Examples
0143	Poincare.D12.SpectralSobolev.HeatConvergence
0144	Poincare.D12.SpectralSobolev.Poincare
0145	Poincare.D12.SpectralSobolev.Semigroup
0146	Poincare.D12.SurgeryRecognition.All
0147	Poincare.D12.SurgeryRecognition.Audit
0148	Poincare.D12.SurgeryRecognition.BallGluing
0149	Poincare.D12.SurgeryRecognition.ConnectedSumTopology
0150	Poincare.D12.SurgeryRecognition.CoveringRecognition
0151	Poincare.D12.SurgeryRecognition.DeckTrivial
0152	Poincare.D12.SurgeryRecognition.ExpandedInterfaces
0153	Poincare.D12.SurgeryRecognition.SphereOfSpheres
0154	Poincare.D12.TensorMaximumBochner.Audit
0155	Poincare.D12.TensorMaximumBochner.BochnerIdentity
0156	Poincare.D12.TensorMaximumBochner.PositivityPreservation
0157	Poincare.D12.TensorMaximumBochner.So3Model
0158	Poincare.D12.TensorMaximumBochner.So3Polynomial
0159	Poincare.D12.TensorMaximumBochner.So3RicciFlow
0160	Poincare.D12.TensorMaximumBochner.TangentCone
0161	Poincare.D12.TensorMaximumBochner.TensorCalculus
0162	Poincare.D12.TriangulationTopology.AntipodalQuotient
0163	Poincare.D12.TriangulationTopology.AxiomAudit
0164	Poincare.D12.TriangulationTopology.CoveringLemma
0165	Poincare.D12.TriangulationTopology.DiskGluing
0166	Poincare.D12.TriangulationTopology.Downstream
0167	Poincare.D12.TriangulationTopology.HemisphereDisk
0168	Poincare.D12.TriangulationTopology.MoiseBranch
0169	Poincare.D12.TriangulationTopology.NegControl.NegControl
0170	Poincare.D12.TriangulationTopology.SimplexBoundary
0171	Poincare.D12.TriangulationTopology.SimplexCone
0172	Poincare.D12.TriangulationTopology.SphereGluing
0173	Poincare.D12.TriangulationTopology.SphereMissedPoint
0174	Poincare.D12.TriangulationTopology.SphereOfTwoDisks
0175	Poincare.D12.TriangulationTopology.SpherePolygonal
0176	Poincare.D12.TriangulationTopology.SphereRecognition
0177	Poincare.D12.TriangulationTopology.SphereSimplyConnected
0178	Poincare.D12.TriangulationTopology.SphereSimplyConnectedMain
0179	Poincare.D12.TriangulationTopology.TwoHemisphereInstance
0180	Poincare.D12.VolumeIBP
0181	Poincare.D12.VolumeIBP.Audit
0182	Poincare.D12.VolumeIBP.Basic
0183	Poincare.D12.VolumeIBP.Blocked
0184	Poincare.D12.VolumeIBP.ChangeOfVariables
0185	Poincare.D12.VolumeIBP.Compat
0186	Poincare.D12.VolumeIBP.Divergence
0187	Poincare.D12.VolumeIBP.Example
0188	Poincare.D12.VolumeIBP.IBP
0189	Poincare.D12.VolumeIBP.Regularity
0190	Poincare.D13.IntegratedAudit.AuditCore
0191	Poincare.D13.IntegratedAudit.DependencyProbe
0192	Poincare.D13.IntegratedAudit.ExpectedModules
0193	Poincare.D13.IntegratedAudit.FullAudit
0194	Poincare.D13.IntegratedAudit.KernelAudit
0195	Poincare.D13.IntegratedAudit.NonvacuityProbe
0196	Poincare.D13.IntegratedAudit.SelfAudit
0197	Poincare.D13.IntegratedAudit.SnapshotRoot
0198	Poincare.D13.IntegratedAudit.StatementAudit
0199	Poincare.D13.IntegratedAudit.UsageProbe
0200	Poincare.D7.Bochner.Audit
0201	Poincare.D7.Bochner.Basic
0202	Poincare.D7.Bochner.Blocked
0203	Poincare.D7.Bochner.Euclidean
0204	Poincare.D7.Bochner.Example
0205	Poincare.D7.Bochner.GradientEstimate
0206	Poincare.D7.Bochner.Probe
0207	Poincare.D7.Canonical.All
0208	Poincare.D7.Canonical.Audit
0209	Poincare.D7.Canonical.Basic
0210	Poincare.D7.Canonical.Classification
0211	Poincare.D7.Canonical.Curvature
0212	Poincare.D7.Canonical.Models
0213	Poincare.D7.Canonical.Probe
0214	Poincare.D7.Canonical.Statements
0215	Poincare.D7.Compactness.All
0216	Poincare.D7.Compactness.Audit
0217	Poincare.D7.Compactness.Basic
0218	Poincare.D7.Compactness.ManifoldStatements
0219	Poincare.D7.Compactness.Nonvacuity
0220	Poincare.D7.Compactness.Probe
0221	Poincare.D7.Compactness.TotalBounded
0222	Poincare.D7.Compactness.ToyCompactness
0223	Poincare.D7.ConjugateHeat.All
0224	Poincare.D7.ConjugateHeat.Audit
0225	Poincare.D7.ConjugateHeat.Basic
0226	Poincare.D7.ConjugateHeat.Blocked
0227	Poincare.D7.ConjugateHeat.Example
0228	Poincare.D7.ConjugateHeat.Instance
0229	Poincare.D7.ConjugateHeat.Laplacian
0230	Poincare.D7.ConjugateHeat.Probe
0231	Poincare.D7.ConjugateHeat.Slab
0232	Poincare.D7.Curvature
0233	Poincare.D7.Curvature.Audit
0234	Poincare.D7.Curvature.Basic
0235	Poincare.D7.Curvature.Blocked
0236	Poincare.D7.Curvature.Bridge
0237	Poincare.D7.Curvature.Example
0238	Poincare.D7.Curvature.Probe
0239	Poincare.D7.Curvature.Sectional
0240	Poincare.D7.Curvature.Symmetries
0241	Poincare.D7.Divergence
0242	Poincare.D7.Divergence.Audit
0243	Poincare.D7.Divergence.Basic
0244	Poincare.D7.Divergence.Blocked
0245	Poincare.D7.Divergence.Example
0246	Poincare.D7.Divergence.Graph
0247	Poincare.D7.Divergence.Probe
0248	Poincare.D7.Divergence.Slab
0249	Poincare.D7.EvolutionSharp.AxiomAudit
0250	Poincare.D7.EvolutionSharp.Certificates
0251	Poincare.D7.EvolutionSharp.FunctionalSharp
0252	Poincare.D7.EvolutionSharp.GibbsSharp
0253	Poincare.D7.EvolutionSharp.Implications
0254	Poincare.D7.EvolutionSharp.ReleaseAudit
0255	Poincare.D7.EvolutionSharp.Witnesses
0256	Poincare.D7.Geodesic.AxiomAudit
0257	Poincare.D7.Geodesic.Basic
0258	Poincare.D7.Geodesic.FlatUniqueness
0259	Poincare.D7.Geodesic.ManifoldInterfaces
0260	Poincare.D7.Geodesic.MathlibProbe
0261	Poincare.D7.Geodesic.MetricSpeed
0262	Poincare.D7.Geodesic.Reparam
0263	Poincare.D7.Geodesic.Smoke
0264	Poincare.D7.HeatKernel.All
0265	Poincare.D7.HeatKernel.Audit
0266	Poincare.D7.HeatKernel.Basic
0267	Poincare.D7.HeatKernel.Blocked
0268	Poincare.D7.HeatKernel.Content
0269	Poincare.D7.HeatKernel.Example
0270	Poincare.D7.HeatKernel.Grid
0271	Poincare.D7.HeatKernel.Instance
0272	Poincare.D7.HeatKernel.Probe
0273	Poincare.D7.Kappa.All
0274	Poincare.D7.Kappa.Audit
0275	Poincare.D7.Kappa.Basic
0276	Poincare.D7.Kappa.EntropyBridge
0277	Poincare.D7.Kappa.Nonvacuity
0278	Poincare.D7.Kappa.Probe
0279	Poincare.D7.Kappa.Statements
0280	Poincare.D7.LeviCivita.Audit
0281	Poincare.D7.LeviCivita.Basic
0282	Poincare.D7.LeviCivita.Blocked
0283	Poincare.D7.LeviCivita.Coefficients
0284	Poincare.D7.LeviCivita.Koszul
0285	Poincare.D7.LeviCivita.Probe
0286	Poincare.D7.LeviCivita.Smoke
0287	Poincare.D7.Limit.All
0288	Poincare.D7.Limit.Audit
0289	Poincare.D7.Limit.Basic
0290	Poincare.D7.Limit.Blocked
0291	Poincare.D7.Limit.Convergence
0292	Poincare.D7.Limit.ErrorRecursion
0293	Poincare.D7.Limit.Example
0294	Poincare.D7.Limit.Probe
0295	Poincare.D7.Limit.Refinement
0296	Poincare.D7.Limit.Stability
0297	Poincare.D7.Monotonicity.All
0298	Poincare.D7.Monotonicity.Blockers
0299	Poincare.D7.Monotonicity.BochnerCertificate
0300	Poincare.D7.Monotonicity.BochnerGradientEstimate
0301	Poincare.D7.Monotonicity.ConjugateHeatCertificate
0302	Poincare.D7.Monotonicity.FMonotonicity
0303	Poincare.D7.Monotonicity.Nonvacuity
0304	Poincare.D7.Monotonicity.ReducedVolumeInput
0305	Poincare.D7.Monotonicity.WMuMonotonicity
0306	Poincare.D7.Recognition.All
0307	Poincare.D7.Recognition.Assembly
0308	Poincare.D7.Recognition.Audit
0309	Poincare.D7.Recognition.Basic
0310	Poincare.D7.Recognition.Homeomorphism
0311	Poincare.D7.Recognition.Probe
0312	Poincare.D7.Reduced.All
0313	Poincare.D7.Reduced.Audit
0314	Poincare.D7.Reduced.Basic
0315	Poincare.D7.Reduced.Certificate
0316	Poincare.D7.Reduced.Gaussian
0317	Poincare.D7.Reduced.Probe
0318	Poincare.D7.Reduced.Statements
0319	Poincare.D7.RicciScalar
0320	Poincare.D7.RicciScalar.Audit
0321	Poincare.D7.RicciScalar.Basic
0322	Poincare.D7.RicciScalar.Bridge
0323	Poincare.D7.RicciScalar.Example
0324	Poincare.D7.RicciScalar.Probe
0325	Poincare.D7.RicciScalar.Product
0326	Poincare.D7.RicciScalar.Scalar
0327	Poincare.D7.RicciScalar.Variation
0328	Poincare.D7.ShortTime
0329	Poincare.D7.ShortTime.Audit
0330	Poincare.D7.ShortTime.Basic
0331	Poincare.D7.ShortTime.Equivalence
0332	Poincare.D7.ShortTime.Example
0333	Poincare.D7.ShortTime.Gauge
0334	Poincare.D7.ShortTime.MatrixDeriv
0335	Poincare.D7.ShortTime.ODE
0336	Poincare.D7.ShortTime.Probe
0337	Poincare.D7.ShortTime.Statements
0338	Poincare.D7.SurgeryFlow.All
0339	Poincare.D7.SurgeryFlow.Audit
0340	Poincare.D7.SurgeryFlow.Basic
0341	Poincare.D7.SurgeryFlow.Extinction
0342	Poincare.D7.SurgeryFlow.Probe
0343	Poincare.D7.SurgeryFlow.Statements
0344	Poincare.D7.SurgeryFlow.Times
0345	Poincare.D7.TensorLaplacian
0346	Poincare.D7.TensorLaplacian.Audit
0347	Poincare.D7.TensorLaplacian.Basic
0348	Poincare.D7.TensorLaplacian.Blocked
0349	Poincare.D7.TensorLaplacian.Commutation
0350	Poincare.D7.TensorLaplacian.Evolution
0351	Poincare.D7.TensorLaplacian.Example
0352	Poincare.D7.TensorLaplacian.Probe
0353	Poincare.D7.Volume
0354	Poincare.D7.Volume.Audit
0355	Poincare.D7.Volume.Basic
0356	Poincare.D7.Volume.Blocked
0357	Poincare.D7.Volume.ChangeOfVariables
0358	Poincare.D7.Volume.Example
0359	Poincare.D7.Volume.Probe
0360	Poincare.D7.Volume.Scaling
0361	Poincare.D8.Fidelity.AxiomAudit
0362	Poincare.D8.Fidelity.Bridge
0363	Poincare.D8.Fidelity.FidelityCard
0364	Poincare.D8.Fidelity.MoiseData
0365	Poincare.D8.Fidelity.MoiseStatement
0366	Poincare.D8.Fidelity.SmoothStructure
0367	Poincare.D9.AncientKappa.Basic
0368	Poincare.D9.AncientKappa.Classification
0369	Poincare.D9.AncientKappa.GaussianSoliton
0370	Poincare.D9.AncientKappa.PrintAxioms
0371	Poincare.D9.CheegerGromov.AxiomAudit
0372	Poincare.D9.CheegerGromov.CheegerGromov
0373	Poincare.D9.CheegerGromov.DiscreteModel
0374	Poincare.D9.CheegerGromov.PointedConvergence
0375	Poincare.D9.DeTurck.ConnectionLayer
0376	Poincare.D9.DeTurck.StatementOnly
0377	Poincare.D9.DeTurck.SymbolModel
0378	Poincare.D9.ParabolicEstimates.AxiomAudit
0379	Poincare.D9.ParabolicEstimates.Basic
0380	Poincare.D9.ParabolicEstimates.Gronwall
0381	Poincare.D9.ParabolicEstimates.MatrixModel
0382	Poincare.D9.ParabolicEstimates.Statements
0383	Poincare.D9.Surfaces.All
0384	Poincare.D9.Surfaces.AxiomAudit
0385	Poincare.D9.Surfaces.Basic
0386	Poincare.D9.Surfaces.HomogeneousODE
0387	Poincare.D9.Surfaces.Statements
0388	Poincare.D9.TensorAlgebra.AxiomAudit
0389	Poincare.D9.TensorAlgebra.Interface
0390	Poincare.D9.TensorAlgebra.Props
0391	Poincare.D9.TensorAlgebra.Toy
0392	Poincare.Longrun.CurvatureODE
0393	Poincare.Longrun.CurvatureODE.Bridge
0394	Poincare.Longrun.CurvatureODE.Evolution
0395	Poincare.Longrun.CurvatureODE.Invariant
0396	Poincare.Longrun.CurvatureODE.Monotonicity
0397	Poincare.Longrun.CurvatureODE.ScalarODE
0398	Poincare.Longrun.CurvatureODE.State
0399	Poincare.Longrun.Entropy
0400	Poincare.Longrun.Entropy.AxiomAudit
0401	Poincare.Longrun.Entropy.Bridge
0402	Poincare.Longrun.Entropy.Certificate
0403	Poincare.Longrun.Entropy.DiscreteHeat
0404	Poincare.Longrun.Entropy.FiniteGeometry
0405	Poincare.Longrun.Entropy.Functional
0406	Poincare.Longrun.Evolution
0407	Poincare.Longrun.Evolution.Bridge
0408	Poincare.Longrun.Evolution.Continuous
0409	Poincare.Longrun.Evolution.Counterexample
0410	Poincare.Longrun.Evolution.Discrete
0411	Poincare.Longrun.Evolution.Functional
0412	Poincare.Longrun.Evolution.Gibbs
0413	Poincare.Longrun.Geometry
0414	Poincare.Longrun.Geometry.ConnectionAdapter
0415	Poincare.Longrun.Geometry.Contraction
0416	Poincare.Longrun.Geometry.LeviCivitaBlocked
0417	Poincare.Longrun.Geometry.MetricData
0418	Poincare.Longrun.PDE.AxiomAudit
0419	Poincare.Longrun.PDE.ContinuousInterface
0420	Poincare.Longrun.PDE.DiscreteMaximumPrinciple
0421	Poincare.Longrun.PDE.Energy
0422	Poincare.Longrun.PDE.HeatGrid
0423	Poincare.Longrun.Surgery
0424	Poincare.Longrun.Surgery.Axioms
0425	Poincare.Longrun.Surgery.Basic
0426	Poincare.Longrun.Surgery.Chain
0427	Poincare.Longrun.Surgery.Missing
0428	Poincare.Longrun.Surgery.Toy
0429	Poincare.Longrun.Topology.AxiomAudit
0430	Poincare.Longrun.Topology.Basic
0431	Poincare.Longrun.Topology.CompactThreeManifold
0432	Poincare.Longrun.Topology.MissingTheorems
0433	Poincare.Longrun.Topology.Noncollapsing
0434	Poincare.Longrun.Topology.NormalizedVolume
0435	Poincare.Longrun.Topology.Stage6Bridge
0436	Poincare.Stage1.CurvatureAlgebra
0437	Poincare.Stage1.RiemannAdapter
0438	Poincare.Stage6.SphereSimplyConnected
0439	Poincare.Stage6.TopologyBridge
0440	Poincare.VKPort.HatcherLib.Ch1.AlgebraicConstructions
0441	Poincare.VKPort.HatcherLib.Ch1.BasicConstructions
0442	Poincare.VKPort.HatcherLib.Ch1.VanKampen
0443	Poincare.VKPort.HatcherLib.Ch1.VanKampenAdaptedGrid
0444	Poincare.VKPort.HatcherLib.Ch1.VanKampenGlobalSweep
0445	Poincare.VKPort.HatcherLib.Ch1.VanKampenGrid
0446	Poincare.VKPort.HatcherLib.Ch1.VanKampenSubdivision
0447	Poincare.VKPort.HatcherLib.Ch1.VanKampenSweep
0448	Poincare.VKPort.HatcherLib.Ch1.VanKampenWordCalculus
0449	Poincare.VKPort.HatcherLib.VKProbe
0450	Probe.GeometryApi
0451	Probe.PdeApi
0452	ReleaseAudit
0453	ReleaseCheck
